adm1_name,adm1_name1,adm1_pcode
Bangkok,กรุงเทพมหานคร,TH10
Samut Prakan,สมุทรปราการ,TH11
Nonthaburi,นนทบุรี,TH12
Pathum Thani,ปทุมธานี,TH13
Phra Nakhon Si Ayutthaya,พระนครศรีอยุธยา,TH14
Ang Thong,อ่างทอง,TH15
Lop Buri,ลพบุรี,TH16
Sing Buri,สิงห์บุรี,TH17
Chai Nat,ชัยนาท,TH18
Saraburi,สระบุรี,TH19
Chon Buri,ชลบุรี,TH20
Rayong,ระยอง,TH21
Chanthaburi,จันทบุรี,TH22
Trat,ตราด,TH23
Chachoengsao,ฉะเชิงเทรา,TH24
Prachin Buri,ปราจีนบุรี,TH25
Nakhon Nayok,นครนายก,TH26
Sa Kaeo,สระแก้ว,TH27
Nakhon Ratchasima,นครราชสีมา,TH30
Buri Ram,บุรีรัมย์,TH31
Surin,สุรินทร์,TH32
Si Sa Ket,ศรีสะเกษ,TH33
Ubon Ratchathani,อุบลราชธานี,TH34
Yasothon,ยโสธร,TH35
Chaiyaphum,ชัยภูมิ,TH36
Amnat Charoen,อำนาจเจริญ,TH37
Bueng Kan,บึงกาฬ,TH38
Nong Bua Lam Phu,หนองบัวลำภู,TH39
Khon Kaen,ขอนแก่น,TH40
Udon Thani,อุดรธานี,TH41
Loei,เลย,TH42
Nong Khai,หนองคาย,TH43
Maha Sarakham,มหาสารคาม,TH44
Roi Et,ร้อยเอ็ด,TH45
Kalasin,กาฬสินธุ์,TH46
Sakon Nakhon,สกลนคร,TH47
Nakhon Phanom,นครพนม,TH48
Mukdahan,มุกดาหาร,TH49
Chiang Mai,เชียงใหม่,TH50
Lamphun,ลำพูน,TH51
Lampang,ลำปาง,TH52
Uttaradit,อุตรดิตถ์,TH53
Phrae,แพร่,TH54
Nan,น่าน,TH55
Phayao,พะเยา,TH56
Chiang Rai,เชียงราย,TH57
Mae Hong Son,แม่ฮ่องสอน,TH58
Nakhon Sawan,นครสวรรค์,TH60
Uthai Thani,อุทัยธานี,TH61
Kamphaeng Phet,กำแพงเพชร,TH62
Tak,ตาก,TH63
Sukhothai,สุโขทัย,TH64
Phitsanulok,พิษณุโลก,TH65
Phichit,พิจิตร,TH66
Phetchabun,เพชรบูรณ์,TH67
Ratchaburi,ราชบุรี,TH70
Kanchanaburi,กาญจนบุรี,TH71
Suphan Buri,สุพรรณบุรี,TH72
Nakhon Pathom,นครปฐม,TH73
Samut Sakhon,สมุทรสาคร,TH74
Samut Songkhram,สมุทรสงคราม,TH75
Phetchaburi,เพชรบุรี,TH76
Prachuap Khiri Khan,ประจวบคีรีขันธ์,TH77
Nakhon Si Thammarat,นครศรีธรรมราช,TH80
Krabi,กระบี่,TH81
Phangnga,พังงา,TH82
Phuket,ภูเก็ต,TH83
Surat Thani,สุราษฎร์ธานี,TH84
Ranong,ระนอง,TH85
Chumphon,ชุมพร,TH86
Songkhla,สงขลา,TH90
Satun,สตูล,TH91
Trang,ตรัง,TH92
Phatthalung,พัทลุง,TH93
Pattani,ปัตตานี,TH94
Yala,ยะลา,TH95
Narathiwat,นราธิวาส,TH96
