year_be,name,planted_rai,harvested_rai,production_ton,yield_planted_kg_rai,yield_harvested_kg_rai
2565,รวมทั้งประเทศ,9547390.0,9517803.0,6171197.0,646.0,648.0
2565,ภาคเหนือ,3292488.0,3281930.0,2062269.0,626.0,628.0
2565,ภาคตะวันออกเฉียงเหนือ,1892820.0,1883336.0,1080911.0,571.0,574.0
2565,ภาคกลาง,4290281.0,4280797.0,2988740.0,697.0,698.0
2565,ภาคใต้,71801.0,71740.0,39277.0,547.0,547.0
2565,เชียงราย,335389.0,334463.0,213049.0,635.0,637.0
2565,พะเยา,42994.0,42966.0,26745.0,622.0,622.0
2565,ลําปาง,24203.0,24140.0,12527.0,518.0,519.0
2565,ลําพูน,7361.0,7355.0,5152.0,700.0,700.0
2565,เชียงใหม่,85683.0,85466.0,58390.0,681.0,683.0
2565,แม่ฮ่องสอน,107.0,107.0,60.0,561.0,561.0
2565,ตาก,13228.0,13204.0,7213.0,545.0,546.0
2565,กําแพงเพชร,387923.0,387700.0,241027.0,621.0,622.0
2565,สุโขทัย,463121.0,460376.0,261247.0,564.0,567.0
2565,แพร่,31848.0,31761.0,18453.0,579.0,581.0
2565,น่าน,12578.0,12543.0,7175.0,570.0,572.0
2565,อุตรดิตถ์,288804.0,288394.0,186608.0,646.0,647.0
2565,พิษณุโลก,455224.0,454696.0,278354.0,611.0,612.0
2565,พิจิตร,470853.0,469754.0,307387.0,653.0,654.0
2565,นครสวรรค์,525436.0,521396.0,346383.0,659.0,664.0
2565,อุทัยธานี,110860.0,110733.0,71074.0,641.0,642.0
2565,เพชรบูรณ์,36876.0,36876.0,21425.0,581.0,581.0
2565,เลย,703.0,703.0,278.0,395.0,395.0
2565,หนองบัวลําภู,24800.0,24519.0,12451.0,502.0,508.0
2565,อุดรธานี,45149.0,45041.0,23252.0,515.0,516.0
2565,หนองคาย,89712.0,88909.0,46557.0,519.0,524.0
2565,บึงกาฬ,14692.0,14582.0,7520.0,512.0,516.0
2565,สกลนคร,63844.0,63243.0,29930.0,469.0,473.0
2565,นครพนม,70823.0,70376.0,36385.0,514.0,517.0
2565,มุกดาหาร,1193.0,1193.0,640.0,536.0,536.0
2565,อํานาจเจริญ,2511.0,2511.0,1219.0,485.0,485.0
2565,อุบลราชธานี,166470.0,165902.0,79618.0,478.0,480.0
2565,ศรีสะเกษ,68924.0,68618.0,35426.0,514.0,516.0
2565,สุรินทร์,45066.0,44464.0,19839.0,440.0,446.0
2565,บุรีรัมย์,43669.0,43423.0,22614.0,518.0,521.0
2565,มหาสารคาม,178601.0,178204.0,107293.0,601.0,602.0
2565,รอยเอ็ด,242034.0,239893.0,136586.0,564.0,569.0
2565,กาฬสินธุ์,275846.0,274887.0,179656.0,651.0,654.0
2565,ขอนแก่น,138692.0,138243.0,79951.0,576.0,578.0
2565,ชัยภูมิ,82273.0,82019.0,51299.0,624.0,625.0
2565,นครราชสีมา,270428.0,269407.0,172565.0,638.0,641.0
2565,สระบุรี,146628.0,146284.0,95702.0,653.0,654.0
2565,ลพบุรี,204872.0,204402.0,129828.0,634.0,635.0
2565,สิงหบุรี,158701.0,158510.0,106462.0,671.0,672.0
2565,ชัยนาท,367415.0,367056.0,243526.0,663.0,663.0
2565,สุพรรณบุรี,820804.0,820261.0,603384.0,735.0,736.0
2565,อางทอง,154185.0,154160.0,99868.0,648.0,648.0
2565,พระนครศรีอยุธยา,648358.0,647718.0,461714.0,712.0,713.0
2565,นนทบุรี,77993.0,77962.0,56382.0,723.0,723.0
2565,กรุงเทพมหานคร,73642.0,73539.0,48128.0,654.0,654.0
2565,ปทุมธานี,208857.0,208724.0,148989.0,713.0,714.0
2565,นครนายก,153453.0,152805.0,100217.0,653.0,656.0
2565,ปราจีนบุรี,125718.0,124479.0,77814.0,619.0,625.0
2565,ฉะเชิงเทรา,319324.0,316756.0,214637.0,672.0,678.0
2565,สระแก้ว,32890.0,32727.0,20442.0,622.0,625.0
2565,ตราด,2514.0,2462.0,1389.0,553.0,564.0
2565,ระยอง,3460.0,3438.0,1877.0,542.0,546.0
2565,ชลบุรี,33904.0,33674.0,22307.0,658.0,662.0
2565,สมุทรปราการ,14848.0,14712.0,10110.0,681.0,687.0
2565,สมุทรสาคร,2560.0,2547.0,1750.0,684.0,687.0
2565,นครปฐม,235142.0,234775.0,181153.0,770.0,772.0
2565,ราชบุรี,159365.0,159189.0,113933.0,715.0,716.0
2565,สมุทรสงคราม,1610.0,1605.0,1133.0,704.0,706.0
2565,เพชรบุรี,154252.0,154109.0,110986.0,720.0,720.0
2565,ประจวบคีรีขันธ์,10206.0,9775.0,5857.0,574.0,599.0
2565,ชุมพร,459.0,459.0,228.0,497.0,497.0
2565,สุราษฎร์ธานี,1908.0,1908.0,886.0,464.0,464.0
2565,ตรัง,34.0,27.0,9.0,265.0,333.0
2565,นครศรีธรรมราช,5179.0,5179.0,2416.0,466.0,466.0
2565,พัทลุง,27497.0,27443.0,14314.0,521.0,522.0
2565,สงขลา,15576.0,15576.0,8488.0,545.0,545.0
2565,สตูล,60.0,60.0,4.48,75.0,75.0
2565,ปัตตานี,20508.0,20508.0,12634.0,616.0,616.0
2565,นราธิวาส,580.0,580.0,298.0,514.0,514.0
2566,ภาคเหนือ,3995691.0,3987197.0,2538235.0,635.0,637.0
2566,ภาคตะวันออกเฉียงเหนือ,1907470.0,1899793.0,1094978.0,574.0,576.0
2566,ภาคกลาง,4614381.0,4605573.0,3236890.0,701.0,703.0
2566,ภาคใต้,88586.0,88466.0,47668.0,538.0,539.0
2566,เชียงราย,400524.0,399597.0,253671.0,633.0,635.0
2566,พะเยา,62105.0,62012.0,38280.0,616.0,617.0
2566,ลําปาง,38883.0,38786.0,20856.0,536.0,538.0
2566,ลําพูน,17391.0,17383.0,11621.0,668.0,669.0
2566,เชียงใหม่,116578.0,115863.0,77613.0,666.0,670.0
2566,แม่ฮ่องสอน,57.0,57.0,33.0,579.0,579.0
2566,ตาก,14117.0,14041.0,7760.0,550.0,553.0
2566,กําแพงเพชร,502772.0,502772.0,316912.0,630.0,630.0
2566,สุโขทัย,485785.0,483066.0,277351.0,571.0,574.0
2566,แพร่,30511.0,30381.0,17704.0,580.0,583.0
2566,น่าน,9821.0,9787.0,5589.0,569.0,571.0
2566,อุตรดิตถ์,310294.0,307500.0,201081.0,648.0,654.0
2566,พิษณุโลก,713449.0,712615.0,445174.0,624.0,625.0
2566,พิจิตร,535782.0,535782.0,355722.0,664.0,664.0
2566,นครสวรรค์,613963.0,613913.0,418552.0,682.0,682.0
2566,อุทัยธานี,106776.0,106759.0,68318.0,640.0,640.0
2566,เพชรบูรณ์,36883.0,36883.0,21998.0,596.0,596.0
2566,เลย,588.0,588.0,239.0,406.0,406.0
2566,หนองบัวลําภู,15701.0,15483.0,7962.0,507.0,514.0
2566,อุดรธานี,40603.0,40459.0,21109.0,520.0,522.0
2566,หนองคาย,86457.0,85980.0,44758.0,518.0,521.0
2566,บึงกาฬ,14559.0,14479.0,7504.0,515.0,518.0
2566,สกลนคร,65935.0,65230.0,30792.0,467.0,472.0
2566,นครพนม,66641.0,66376.0,34007.0,510.0,512.0
2566,มุกดาหาร,802.0,802.0,432.0,539.0,539.0
2566,ยโสธร,70517.0,70381.0,39568.0,561.0,562.0
2566,อํานาจเจริญ,2190.0,2190.0,1071.0,489.0,489.0
2566,อุบลราชธานี,155354.0,154981.0,75011.0,483.0,484.0
2566,ศรีสะเกษ,70787.0,70582.0,37102.0,524.0,526.0
2566,สุรินทร์,44608.0,44423.0,19393.0,435.0,437.0
2566,มหาสารคาม,191184.0,190823.0,113291.0,593.0,594.0
2566,รอยเอ็ด,250156.0,248810.0,144395.0,577.0,580.0
2566,กาฬสินธุ์,279519.0,278143.0,182181.0,652.0,655.0
2566,ขอนแก่น,147208.0,146871.0,83618.0,568.0,569.0
2566,ชัยภูมิ,87723.0,87339.0,54803.0,625.0,627.0
2566,นครราชสีมา,270262.0,269242.0,173528.0,642.0,645.0
2566,สระบุรี,154394.0,154055.0,102679.0,665.0,667.0
2566,ลพบุรี,354573.0,354154.0,229483.0,647.0,648.0
2566,สิงหบุรี,194865.0,194625.0,131276.0,674.0,675.0
2566,ชัยนาท,409159.0,408699.0,271085.0,663.0,663.0
2566,สุพรรณบุรี,862872.0,862361.0,638586.0,740.0,741.0
2566,อางทอง,235925.0,235871.0,158685.0,673.0,673.0
2566,พระนครศรีอยุธยา,658109.0,657375.0,488276.0,742.0,743.0
2566,นนทบุรี,76467.0,76433.0,55713.0,729.0,729.0
2566,กรุงเทพมหานคร,74125.0,74000.0,48772.0,658.0,659.0
2566,ปทุมธานี,202482.0,202269.0,146087.0,721.0,722.0
2566,นครนายก,158266.0,157149.0,104315.0,659.0,664.0
2566,ปราจีนบุรี,123572.0,122603.0,76301.0,617.0,622.0
2566,ฉะเชิงเทรา,305701.0,303876.0,205455.0,672.0,676.0
2566,สระแก้ว,31445.0,31192.0,19247.0,612.0,617.0
2566,ตราด,2565.0,2495.0,1347.0,525.0,540.0
2566,ระยอง,3250.0,3237.0,1775.0,546.0,548.0
2566,ชลบุรี,33327.0,33191.0,22175.0,665.0,668.0
2566,สมุทรปราการ,13845.0,13749.0,9624.0,695.0,700.0
2566,สมุทรสาคร,2245.0,2239.0,1513.0,674.0,676.0
2566,นครปฐม,226714.0,226410.0,176235.0,777.0,778.0
2566,กาญจนบุรี,175971.0,175617.0,126318.0,718.0,719.0
2566,ราชบุรี,152336.0,152180.0,107535.0,706.0,707.0
2566,สมุทรสงคราม,1257.0,1251.0,872.0,694.0,697.0
2566,เพชรบุรี,147844.0,147717.0,105778.0,715.0,716.0
2566,ประจวบคีรีขันธ์,13072.0,12825.0,7758.0,593.0,605.0
2566,ชุมพร,446.0,446.0,204.0,457.0,457.0
2566,สุราษฎร์ธานี,1679.0,1679.0,793.0,472.0,472.0
2566,กระบี่,51.0,51.0,25.0,490.0,490.0
2566,ตรัง,10.0,10.0,3.0,348.0,348.0
2566,นครศรีธรรมราช,4314.0,4294.0,2016.0,467.0,469.0
2566,พัทลุง,21700.0,21700.0,12017.0,554.0,554.0
2566,ปัตตานี,18706.0,18706.0,10976.0,587.0,587.0
2567,รวมทั้งประเทศ,10057534.0,10023876.0,6544570.0,651.0,653.0
2567,ภาคเหนือ,3929195.0,3914665.0,2505200.0,638.0,640.0
2567,ภาคตะวันออกเฉียงเหนือ,1690135.0,1679968.0,957862.0,567.0,570.0
2567,ภาคกลาง,4355509.0,4346960.0,3037081.0,697.0,699.0
2567,ภาคใต้,82695.0,82283.0,44427.0,537.0,540.0
2567,เชียงราย,365838.0,357326.0,224049.0,612.0,627.0
2567,พะเยา,34717.0,34552.0,20648.0,595.0,598.0
2567,ลําปาง,32387.0,32285.0,16737.0,517.0,518.0
2567,ลําพูน,8303.0,8292.0,5254.0,633.0,634.0
2567,เชียงใหม่,103398.0,103100.0,68597.0,663.0,665.0
2567,แม่ฮ่องสอน,68.0,68.0,38.0,559.0,559.0
2567,ตาก,12232.0,12200.0,6789.0,555.0,556.0
2567,กําแพงเพชร,541404.0,540622.0,341221.0,630.0,631.0
2567,สุโขทัย,485836.0,483598.0,281700.0,580.0,583.0
2567,แพร่,24405.0,24323.0,14447.0,592.0,594.0
2567,น่าน,9412.0,9404.0,5394.0,573.0,574.0
2567,อุตรดิตถ์,290186.0,289421.0,190596.0,657.0,659.0
2567,พิษณุโลก,720406.0,718933.0,454367.0,631.0,632.0
2567,พิจิตร,580758.0,580758.0,389010.0,670.0,670.0
2567,นครสวรรค์,603197.0,603197.0,412940.0,685.0,685.0
2567,อุทัยธานี,83469.0,83420.0,53831.0,645.0,645.0
2567,เพชรบูรณ์,33179.0,33166.0,19582.0,590.0,590.0
2567,เลย,565.0,564.0,230.0,407.0,408.0
2567,หนองบัวลําภู,11898.0,11690.0,6087.0,512.0,521.0
2567,อุดรธานี,39917.0,39854.0,21102.0,529.0,529.0
2567,หนองคาย,93570.0,92231.0,48509.0,518.0,526.0
2567,บึงกาฬ,13786.0,13663.0,7140.0,518.0,523.0
2567,สกลนคร,70969.0,70547.0,33994.0,479.0,482.0
2567,นครพนม,64285.0,63948.0,33332.0,519.0,521.0
2567,มุกดาหาร,798.0,798.0,432.0,541.0,541.0
2567,ยโสธร,70870.0,70701.0,40559.0,572.0,574.0
2567,อํานาจเจริญ,2161.0,2161.0,1068.0,494.0,494.0
2567,อุบลราชธานี,148678.0,147735.0,72350.0,487.0,490.0
2567,ศรีสะเกษ,71117.0,70938.0,37847.0,532.0,534.0
2567,สุรินทร์,44079.0,43695.0,19539.0,443.0,447.0
2567,บุรีรัมย์,25174.0,24796.0,12314.0,489.0,497.0
2567,มหาสารคาม,187158.0,186824.0,110005.0,588.0,589.0
2567,กาฬสินธุ์,277990.0,276753.0,182507.0,657.0,659.0
2567,ขอนแก่น,143079.0,142755.0,79786.0,558.0,559.0
2567,ชัยภูมิ,81005.0,79483.0,49823.0,615.0,627.0
2567,นครราชสีมา,94653.0,93750.0,58343.0,616.0,622.0
2567,สระบุรี,157653.0,157399.0,104058.0,660.0,661.0
2567,ลพบุรี,280704.0,280246.0,179994.0,641.0,642.0
2567,สิงหบุรี,197821.0,197544.0,132294.0,669.0,670.0
2567,ชัยนาท,407367.0,406950.0,268317.0,659.0,659.0
2567,สุพรรณบุรี,770396.0,769851.0,569786.0,740.0,740.0
2567,อางทอง,241686.0,241534.0,161209.0,667.0,667.0
2567,พระนครศรีอยุธยา,667394.0,666775.0,497381.0,745.0,746.0
2567,นนทบุรี,78762.0,78720.0,56905.0,722.0,723.0
2567,กรุงเทพมหานคร,75393.0,75254.0,49415.0,655.0,657.0
2567,ปทุมธานี,201279.0,201031.0,144046.0,716.0,717.0
2567,นครนายก,159964.0,159010.0,103727.0,648.0,652.0
2567,ปราจีนบุรี,124416.0,123470.0,76136.0,612.0,617.0
2567,ฉะเชิงเทรา,298807.0,297297.0,199811.0,669.0,672.0
2567,สระแก้ว,11730.0,11550.0,6851.0,584.0,593.0
2567,ตราด,2520.0,2478.0,1321.0,524.0,533.0
2567,ระยอง,2642.0,2623.0,1412.0,534.0,538.0
2567,ชลบุรี,32053.0,31936.0,20674.0,645.0,647.0
2567,สมุทรปราการ,13397.0,13112.0,9068.0,677.0,692.0
2567,สมุทรสาคร,2225.0,2222.0,1514.0,680.0,681.0
2567,นครปฐม,225865.0,225613.0,172557.0,764.0,765.0
2567,กาญจนบุรี,171501.0,171029.0,120345.0,702.0,704.0
2567,ราชบุรี,145670.0,145465.0,100441.0,690.0,690.0
2567,สมุทรสงคราม,1536.0,1533.0,1064.0,693.0,694.0
2567,เพชรบุรี,81808.0,81675.0,57275.0,700.0,701.0
2567,ประจวบคีรีขันธ์,2920.0,2643.0,1480.0,507.0,560.0
2567,ชุมพร,389.0,389.0,173.0,445.0,445.0
2567,สุราษฎร์ธานี,1253.0,1233.0,543.0,433.0,440.0
2567,กระบี่,76.0,76.0,36.0,474.0,474.0
2567,ตรัง,34.0,33.0,4.65,137.0,141.0
2567,นครศรีธรรมราช,2625.0,2413.0,1084.0,413.0,449.0
2567,พัทลุง,20245.0,20117.0,11078.0,547.0,551.0
2567,สงขลา,40054.0,40003.0,21083.0,526.0,527.0
2567,ปัตตานี,18019.0,18019.0,10425.0,579.0,579.0
2568,รวมทั้งประเทศ,12640750.0,12608540.0,8252742.0,653.0,655.0
2568,ภาคเหนือ,5285153.0,5270606.0,3416685.0,646.0,648.0
2568,ภาคตะวันออกเฉียงเหนือ,2411269.0,2402310.0,1356857.0,563.0,565.0
2568,ภาคกลาง,4850425.0,4841721.0,3430014.0,707.0,708.0
2568,ภาคใต้,93903.0,93903.0,49186.0,524.0,524.0
2568,เชียงราย,509983.0,508845.0,344597.0,676.0,677.0
2568,พะเยา,95550.0,95378.0,61982.0,649.0,650.0
2568,ลําปาง,58745.0,58624.0,33427.0,569.0,570.0
2568,ลําพูน,26553.0,26539.0,17950.0,676.0,676.0
2568,เชียงใหม่,161324.0,160991.0,114576.0,710.0,712.0
2568,แม่ฮ่องสอน,75.0,75.0,45.0,600.0,600.0
2568,ตาก,30231.0,29705.0,16536.0,547.0,557.0
2568,กําแพงเพชร,599457.0,597085.0,379944.0,634.0,636.0
2568,สุโขทัย,572402.0,570445.0,326008.0,570.0,571.0
2568,แพร่,53275.0,52874.0,31692.0,595.0,599.0
2568,น่าน,14405.0,14375.0,8357.0,580.0,581.0
2568,อุตรดิตถ์,364226.0,363532.0,243209.0,668.0,669.0
2568,พิษณุโลก,832221.0,830851.0,523923.0,630.0,631.0
2568,พิจิตร,827349.0,824730.0,549720.0,664.0,667.0
2568,นครสวรรค์,913188.0,911229.0,619783.0,679.0,680.0
2568,อุทัยธานี,169232.0,168571.0,109910.0,649.0,652.0
2568,เพชรบูรณ์,56937.0,56757.0,35026.0,615.0,617.0
2568,เลย,1307.0,1287.0,517.0,396.0,402.0
2568,หนองบัวลําภู,37604.0,37317.0,19934.0,530.0,534.0
2568,อุดรธานี,77493.0,77366.0,40728.0,526.0,526.0
2568,หนองคาย,116092.0,115461.0,61557.0,530.0,533.0
2568,บึงกาฬ,20305.0,20170.0,10176.0,501.0,505.0
2568,สกลนคร,142040.0,141462.0,69131.0,487.0,489.0
2568,นครพนม,107851.0,107483.0,56248.0,522.0,523.0
2568,มุกดาหาร,1800.0,1800.0,944.0,524.0,524.0
2568,ยโสธร,114574.0,114344.0,71867.0,627.0,629.0
2568,อํานาจเจริญ,4252.0,4252.0,2060.0,484.0,484.0
2568,ศรีสะเกษ,116523.0,116193.0,61491.0,528.0,529.0
2568,สุรินทร์,125306.0,124811.0,56798.0,453.0,455.0
2568,บุรีรัมย์,52606.0,52118.0,25772.0,490.0,494.0
2568,มหาสารคาม,215843.0,215483.0,128020.0,593.0,594.0
2568,รอยเอ็ด,328541.0,327499.0,188400.0,573.0,575.0
2568,กาฬสินธุ์,317325.0,316135.0,206022.0,649.0,652.0
2568,ขอนแก่น,172764.0,172392.0,95854.0,555.0,556.0
2568,ชัยภูมิ,144471.0,143876.0,90579.0,627.0,630.0
2568,นครราชสีมา,140144.0,139061.0,84946.0,606.0,611.0
2568,สระบุรี,181411.0,181058.0,120084.0,662.0,663.0
2568,ลพบุรี,352763.0,352218.0,228810.0,649.0,650.0
2568,สิงหบุรี,229987.0,229676.0,156305.0,680.0,681.0
2568,ชัยนาท,465969.0,465324.0,308373.0,662.0,663.0
2568,สุพรรณบุรี,907376.0,906323.0,678758.0,748.0,749.0
2568,อางทอง,255939.0,255597.0,173311.0,677.0,678.0
2568,พระนครศรีอยุธยา,714922.0,714070.0,539503.0,755.0,756.0
2568,นนทบุรี,75374.0,75339.0,54938.0,729.0,729.0
2568,กรุงเทพมหานคร,76529.0,76399.0,49959.0,653.0,654.0
2568,ปทุมธานี,220764.0,220496.0,158815.0,719.0,720.0
2568,นครนายก,163790.0,162950.0,109874.0,671.0,674.0
2568,ปราจีนบุรี,134285.0,133686.0,86451.0,644.0,647.0
2568,ฉะเชิงเทรา,256366.0,255083.0,175564.0,685.0,688.0
2568,สระแก้ว,11706.0,11575.0,6734.0,575.0,582.0
2568,ตราด,2466.0,2425.0,1300.0,527.0,536.0
2568,ระยอง,2610.0,2592.0,1388.0,532.0,535.0
2568,ชลบุรี,32609.0,32484.0,21212.0,650.0,653.0
2568,สมุทรปราการ,14753.0,14661.0,10481.0,710.0,715.0
2568,สมุทรสาคร,2940.0,2935.0,2010.0,684.0,685.0
2568,นครปฐม,237153.0,236874.0,183772.0,775.0,776.0
2568,กาญจนบุรี,181185.0,180918.0,128833.0,711.0,712.0
2568,ราชบุรี,148829.0,148628.0,105246.0,707.0,708.0
2568,สมุทรสงคราม,1638.0,1633.0,1145.0,699.0,701.0
2568,เพชรบุรี,174527.0,174335.0,124524.0,713.0,714.0
2568,ชุมพร,552.0,552.0,251.0,455.0,455.0
2568,สุราษฎร์ธานี,1315.0,1315.0,599.0,456.0,456.0
2568,กระบี่,74.0,74.0,34.0,459.0,459.0
2568,ตรัง,87.0,87.0,32.0,368.0,368.0
2568,นครศรีธรรมราช,6251.0,6251.0,2921.0,467.0,467.0
2568,พัทลุง,29915.0,29915.0,16090.0,538.0,538.0
2568,สงขลา,38768.0,38768.0,20119.0,519.0,519.0
2568,สตูล,46.0,46.0,23.0,500.0,500.0
2568,ปัตตานี,16680.0,16680.0,9018.0,541.0,541.0
2568,ยะลา,80.0,80.0,48.0,600.0,600.0
2568,นราธิวาส,135.0,135.0,51.0,378.0,378.0
